5) (OPTIONAL) Modify the existing codes in order to deal with other path dependent options, like e.g. lookback options with payoff = S_T - Min(S_t, t<=T) ;;;;;;;;
;;;;;;;;
;;;;;;;;
Parameter setting: ;;;;;;;;
S;110;;;;;;;
sigma;0,2;;;;;;;
r;0,01;;;;;;;
T;1;;;;;;;
K;104,5;;;;;;;
dt;0,003968254;;;;;;;
N;1200;;;;;;;
q;0;;;;;;;
;;;;;;;;
Function LookbackPayoffsCall(n As Integer, T As Double, r As Double, sigma As Double, S0 As Double) As Variant;;;;;;;;
Function LookbackPayoffsPut(n As Integer, T As Double, r As Double, sigma As Double, S0 As Double) As Variant;;;;;;;;
;;;;;;;;
CALL PAYOFF;PUT PAYOFF ;;;AVERAGE PAYOFF CALL ;AVERAGE PAYOFF PUT ;;CALL PRICE ;PUT PRICE 
8,934571556;24,49497075;;;17,10257427;17,26326766;;16,93240081;17,09149528
23,56330477;25,60562726;;;;;;;
7,571671874;23,6779092;;;Discount Factor ;0,990049834;;;
0;2,439900051;;;;;;;
0,445016677;20,23605115;;;;;;;
2,986863962;19,1489643;;;;;;;
28,17501364;15,79464177;;;;;;;
6,125862598;15,01532805;;;;;;;
18,40945532;13,09078828;;;;;;;
4,147009178;32,02552951;;;;;;;
0,829222616;23,00089975;;;;;;;
1,539908268;26,58567631;;;;;;;
15,20975917;17,4341595;;;;;;;
0;0,88965191;;;;;;;
3,527568858;23,83758083;;;;;;;
0,210197624;0,883026786;;;;;;;
25,01632779;13,01903418;;;;;;;
14,52492783;14,81689768;;;;;;;
12,03920116;21,861839;;;;;;;
30,17392794;17,17967346;;;;;;;
1,447838102;12,27469604;;;;;;;
12,3840632;6,172356821;;;;;;;
0,208652752;11,00385185;;;;;;;
10,95605902;33,94312743;;;;;;;
109,7440793;10,36575084;;;;;;;
26,39841565;12,26934481;;;;;;;
37,6145161;10,01897615;;;;;;;
31,23049495;38,35598431;;;;;;;
2,602794979;11,20784056;;;;;;;
14,25553087;5,733800051;;;;;;;
9,413251384;25,36307529;;;;;;;
19,62266529;17,24897435;;;;;;;
10,52946235;17,84512851;;;;;;;
13,4582181;29,95248547;;;;;;;
14,97627071;17,90875117;;;;;;;
1,573366594;17,19524929;;;;;;;
33,88504013;6,54046132;;;;;;;
8,144501763;18,48602097;;;;;;;
16,17101538;26,71822771;;;;;;;
0,720451513;17,14153779;;;;;;;
34,37314126;34,16684025;;;;;;;
5,561436813;10,82252066;;;;;;;
29,3674778;20,0004562;;;;;;;
21,0284601;18,26223841;;;;;;;
19,50292583;30,41594626;;;;;;;
97,5237876;6,307658167;;;;;;;
1,022826918;30,72428141;;;;;;;
4,25042423;12,64407785;;;;;;;
12,10428003;9,300364194;;;;;;;
28,29563716;12,07776419;;;;;;;
8,074061632;20,89652613;;;;;;;
1,297746791;26,58374628;;;;;;;
2,482391768;6,667986942;;;;;;;
22,28753615;23,25194471;;;;;;;
2,256124497;26,61232389;;;;;;;
55,01042362;2,146358934;;;;;;;
20,82930575;21,34424468;;;;;;;
34,49271976;7,236265227;;;;;;;
2,229785532;33,87234069;;;;;;;
69,80688259;5,948521494;;;;;;;
8,977992495;10,80215823;;;;;;;
5,116147366;4,797008113;;;;;;;
10,04529869;26,60897673;;;;;;;
17,74718514;0;;;;;;;
12,65045203;4,187296502;;;;;;;
14,16192503;25,50565475;;;;;;;
2,143654864;11,91737365;;;;;;;
34,04490067;0;;;;;;;
12,57142489;6,333086301;;;;;;;
15,75485616;46,5891302;;;;;;;
2,957241688;3,084627082;;;;;;;
10,06517727;5,409181786;;;;;;;
23,02206081;19,67619378;;;;;;;
8,293428845;17,42948234;;;;;;;
3,767506976;47,97832695;;;;;;;
15,13801317;17,3903821;;;;;;;
0,462407342;9,30464259;;;;;;;
20,81094318;17,17716792;;;;;;;
42,12471044;19,44726622;;;;;;;
19,73781759;3,049841155;;;;;;;
78,12285938;18,83996981;;;;;;;
14,10128484;35,1707627;;;;;;;
8,975916965;40,19077142;;;;;;;
16,76541614;0,327318981;;;;;;;
41,84436904;11,73413632;;;;;;;
50,52821184;8,15486373;;;;;;;
52,2279491;14,66832758;;;;;;;
40,28222353;2,255177285;;;;;;;
8,141148338;16,66639622;;;;;;;
0;14,97233942;;;;;;;
11,61977767;17,4936994;;;;;;;
21,33362827;55,45287996;;;;;;;
32,99006457;34,71378202;;;;;;;
45,99715555;11,55342355;;;;;;;
1,476855159;25,91154577;;;;;;;
0,619693154;11,28540667;;;;;;;
4,777870697;15,31752416;;;;;;;
9,450161809;4,3976922;;;;;;;
18,01805264;29,77638479;;;;;;;
10,31877644;1,066180528;;;;;;;
5,385056018;0;;;;;;;
15,6698598;14,27492197;;;;;;;
3,72342557;5,713032085;;;;;;;
26,54328802;24,00649054;;;;;;;
5,970423554;44,10775774;;;;;;;
49,9242758;11,86672669;;;;;;;
12,64190534;7,076636883;;;;;;;
52,42587104;19,700517;;;;;;;
30,71613115;21,16619593;;;;;;;
32,65741148;0;;;;;;;
6,27696786;18,45422493;;;;;;;
8,431386947;4,756499551;;;;;;;
2,306114303;15,25735633;;;;;;;
26,25980091;32,26703692;;;;;;;
15,33388167;4,088190497;;;;;;;
8,641467351;34,25115512;;;;;;;
5,920386451;14,28209474;;;;;;;
14,11367793;30,70873315;;;;;;;
9,848201841;35,17539871;;;;;;;
30,25485292;16,59041623;;;;;;;
7,47798104;20,83835182;;;;;;;
34,95519156;0,593257679;;;;;;;
14,87262852;13,98016094;;;;;;;
11,97417123;8,282614942;;;;;;;
17,07179506;12,19513592;;;;;;;
31,65472536;12,58412205;;;;;;;
34,83116577;11,43943005;;;;;;;
1,250925669;7,572856386;;;;;;;
2,66771055;33,0414611;;;;;;;
0,014980051;32,80209745;;;;;;;
7,166879143;26,01924504;;;;;;;
0,879937203;5,312815701;;;;;;;
7,210971034;4,788292151;;;;;;;
4,645516292;17,64065781;;;;;;;
10,87222921;10,20231968;;;;;;;
31,51448852;16,51205193;;;;;;;
16,19160786;20,30791167;;;;;;;
13,24887519;25,24644926;;;;;;;
6,834329827;13,66380992;;;;;;;
21,8949177;4,480982397;;;;;;;
8,416334526;21,69353072;;;;;;;
3,972736981;2,478229536;;;;;;;
2,839682163;49,77585837;;;;;;;
0,999514691;8,699959983;;;;;;;
13,23106361;2,265090767;;;;;;;
16,69540934;23,10173449;;;;;;;
7,562745787;19,42303941;;;;;;;
18,09633445;42,00541216;;;;;;;
2,554491919;23,90122675;;;;;;;
15,82427494;22,55105414;;;;;;;
11,19079618;6,769298944;;;;;;;
10,28671091;1,99250973;;;;;;;
12,20018256;10,50576041;;;;;;;
5,986763672;14,42301578;;;;;;;
5,822879977;0;;;;;;;
5,294618791;14,44461221;;;;;;;
14,46459882;0;;;;;;;
2,663165183;36,91860615;;;;;;;
0;30,37059132;;;;;;;
0;8,503024978;;;;;;;
1,123412091;0,720821703;;;;;;;
0,640882284;37,60508036;;;;;;;
8,702005565;9,150540287;;;;;;;
1,034291228;3,485243522;;;;;;;
1,04503935;1,563181863;;;;;;;
24,79242632;25,66965564;;;;;;;
10,29567843;31,10247369;;;;;;;
12,93161444;9,553829299;;;;;;;
6,373589224;10,98727622;;;;;;;
11,96914754;8,298678537;;;;;;;
8,61164528;55,91207409;;;;;;;
11,22030042;3,800439504;;;;;;;
12,87454014;35,05980653;;;;;;;
26,09460597;52,30507662;;;;;;;
0,737406693;24,29743998;;;;;;;
4,441186369;6,68314615;;;;;;;
27,10085715;38,03168247;;;;;;;
29,49610521;0;;;;;;;
25,8790418;22,94687452;;;;;;;
22,90277415;3,15956224;;;;;;;
14,05283291;0,889691174;;;;;;;
15,65747216;5,905317218;;;;;;;
32,43890158;0;;;;;;;
4,838003021;9,719774404;;;;;;;
2,485082932;0,020339548;;;;;;;
25,77556768;33,36563645;;;;;;;
9,882297985;28,11115738;;;;;;;
60,13341009;12,60669526;;;;;;;
28,12882778;5,963947577;;;;;;;
0;2,047039729;;;;;;;
9,110687987;15,24093487;;;;;;;
13,2316357;27,99746214;;;;;;;
9,219377272;12,77869321;;;;;;;
51,86664024;15,46599459;;;;;;;
1,464031245;0;;;;;;;
24,90133962;0;;;;;;;
11,29500694;27,47083077;;;;;;;
9,864674885;9,482273312;;;;;;;
0,130584941;15,74900036;;;;;;;
15,8693908;30,89036568;;;;;;;
21,96596096;0,89469302;;;;;;;
6,548735012;33,4750902;;;;;;;
0,375923162;0;;;;;;;
18,91214179;4,170418157;;;;;;;
26,01330563;24,74096884;;;;;;;
12,82125399;11,96654944;;;;;;;
11,38762633;4,921892011;;;;;;;
24,43795232;2,986083423;;;;;;;
3,544679001;17,96209437;;;;;;;
2,261346927;22,76992742;;;;;;;
21,00457451;9,522509655;;;;;;;
5,135888136;28,04768677;;;;;;;
13,6370638;23,75850291;;;;;;;
1,338326268;5,276084653;;;;;;;
15,36654618;16,03560258;;;;;;;
15,51511102;22,83332227;;;;;;;
9,78992571;6,729911314;;;;;;;
1,700512569;19,02309134;;;;;;;
4,454115514;8,174261056;;;;;;;
6,388825401;6,480360112;;;;;;;
7,996008475;3,912911017;;;;;;;
1,244079495;9,020308904;;;;;;;
124,5249663;16,60849518;;;;;;;
8,414109581;14,07903394;;;;;;;
2,643391681;20,34885469;;;;;;;
2,642583284;15,44568367;;;;;;;
2,006658302;11,51393147;;;;;;;
2,782571989;33,1187004;;;;;;;
25,46013048;36,52132077;;;;;;;
22,02348927;11,44903621;;;;;;;
0,71409928;18,5681481;;;;;;;
2,800099568;52,23307657;;;;;;;
18,68067128;18,23626191;;;;;;;
3,198871595;23,09605919;;;;;;;
9,836625681;34,57413638;;;;;;;
12,61803195;20,46685446;;;;;;;
39,97502566;6,347389427;;;;;;;
5,083175337;12,57875774;;;;;;;
2,631166132;42,4891019;;;;;;;
38,41718352;37,94509687;;;;;;;
13,8121556;17,93861907;;;;;;;
51,54295192;12,37632042;;;;;;;
23,87599192;30,05626861;;;;;;;
28,29958321;6,555840606;;;;;;;
23,60820161;19,46416683;;;;;;;
1,988411241;17,33906273;;;;;;;
12,84659671;27,26874075;;;;;;;
11,96770166;34,44382666;;;;;;;
3,856320522;9,421023066;;;;;;;
63,79314912;27,01821948;;;;;;;
0,358772606;17,18735559;;;;;;;
12,4220763;13,13427844;;;;;;;
29,04298649;36,89682822;;;;;;;
9,905453147;28,86519095;;;;;;;
3,450016929;16,51360574;;;;;;;
2,932316361;10,36650872;;;;;;;
12,67833328;10,27247629;;;;;;;
31,03377161;30,40578234;;;;;;;
35,01613092;28,77564611;;;;;;;
23,88087536;7,032771399;;;;;;;
5,521863247;14,72580602;;;;;;;
0;17,50891324;;;;;;;
0;15,99953727;;;;;;;
21,79816583;15,67186874;;;;;;;
32,36699866;19,66911021;;;;;;;
38,63341842;3,845284892;;;;;;;
2,516637895;22,50152331;;;;;;;
25,09487612;0;;;;;;;
29,645333;39,98972268;;;;;;;
59,08432831;2,775704888;;;;;;;
1,53531972;16,18204962;;;;;;;
44,4665121;16,17935364;;;;;;;
14,92564415;6,601476399;;;;;;;
14,47866561;3,133469688;;;;;;;
12,6674257;13,02736846;;;;;;;
29,8889943;18,81655117;;;;;;;
3,368867527;43,59790539;;;;;;;
11,30111291;20,06206078;;;;;;;
5,87825504;11,14440441;;;;;;;
36,67444853;22,54919254;;;;;;;
47,90015602;14,81845276;;;;;;;
24,7565255;9,63871251;;;;;;;
19,55910971;21,13131669;;;;;;;
22,38616223;18,22445139;;;;;;;
51,37167736;32,06478427;;;;;;;
1,262780076;17,40502013;;;;;;;
15,67969696;1,402251826;;;;;;;
65,86640351;10,48666148;;;;;;;
0,17104822;12,46100535;;;;;;;
3,748615212;39,03197719;;;;;;;
1,017298649;27,16288654;;;;;;;
1,13828136;12,9814786;;;;;;;
32,85236793;30,82292681;;;;;;;
19,62929841;17,41941821;;;;;;;
20,81501667;16,39352009;;;;;;;
24,61890484;21,37834791;;;;;;;
14,25935128;3,338021277;;;;;;;
17,72926166;11,64252713;;;;;;;
10,41053556;28,04577432;;;;;;;
19,69447362;12,06831487;;;;;;;
22,89191223;15,89947722;;;;;;;
5,182064393;10,62087751;;;;;;;
1,169447824;45,92601814;;;;;;;
0;14,41127442;;;;;;;
21,56706594;11,39379477;;;;;;;
7,90433908;37,17062426;;;;;;;
36,94281104;7,353380758;;;;;;;
7,205718061;10,94608339;;;;;;;
23,92241651;7,573037232;;;;;;;
29,74220494;28,4217274;;;;;;;
31,68045001;12,00390704;;;;;;;
38,0177093;23,09857657;;;;;;;
33,97196319;13,98110208;;;;;;;
23,70389767;16,17168375;;;;;;;
61,47466213;4,551132704;;;;;;;
5,065884535;10,19044029;;;;;;;
12,74085239;35,83123786;;;;;;;
10,5454792;27,71634642;;;;;;;
11,98093553;24,3444213;;;;;;;
12,03665834;9,620797281;;;;;;;
13,79188836;18,53453026;;;;;;;
39,86619084;0;;;;;;;
55,69486319;0,240670932;;;;;;;
21,21609601;31,23785562;;;;;;;
0,375817999;11,02610607;;;;;;;
5,061175144;0;;;;;;;
41,19278188;8,941042831;;;;;;;
18,59865362;51,15887859;;;;;;;
12,83253189;35,11360033;;;;;;;
21,06882216;18,50497282;;;;;;;
20,74292524;1,955585849;;;;;;;
4,867381683;13,63203614;;;;;;;
123,3091739;22,61170115;;;;;;;
15,81272254;33,51504269;;;;;;;
2,440877325;14,93822344;;;;;;;
0;9,914092433;;;;;;;
27,46550083;30,87678816;;;;;;;
31,24580578;29,66591286;;;;;;;
63,26258662;4,023773501;;;;;;;
19,71450596;7,899256105;;;;;;;
19,88402835;27,79680164;;;;;;;
6,558561551;30,46476811;;;;;;;
1,501011289;27,61279844;;;;;;;
9,960173111;3,123835411;;;;;;;
33,1583047;11,56417679;;;;;;;
6,281201775;11,72480448;;;;;;;
21,69489481;2,584325909;;;;;;;
4,719158593;7,961218334;;;;;;;
4,738939951;35,54605578;;;;;;;
0;7,938310897;;;;;;;
1,547099106;5,45660913;;;;;;;
2,57600802;2,512298686;;;;;;;
6,780576756;17,88447355;;;;;;;
15,40058223;13,12152689;;;;;;;
28,42743506;19,76993326;;;;;;;
22,99202914;3,103599669;;;;;;;
41,50381508;7,101065344;;;;;;;
22,36830272;20,23349166;;;;;;;
15,4635033;11,30313263;;;;;;;
1,477419635;4,422957911;;;;;;;
48,39909965;44,43928299;;;;;;;
13,43200761;8,48306868;;;;;;;
12,31368426;31,27296821;;;;;;;
12,62248134;1,283740443;;;;;;;
3,901003111;23,07209176;;;;;;;
4,504587254;16,03906039;;;;;;;
0,972437997;38,55304241;;;;;;;
27,75573856;4,016456253;;;;;;;
5,073176394;17,75079079;;;;;;;
9,810861847;30,25234058;;;;;;;
1,923982541;9,478709531;;;;;;;
32,93238666;16,2780726;;;;;;;
2,066163233;37,68327766;;;;;;;
11,01117901;35,02557913;;;;;;;
45,80983057;4,807892609;;;;;;;
35,55560849;6,59213733;;;;;;;
6,181960468;4,270368417;;;;;;;
60,10171084;12,88220095;;;;;;;
13,16265382;7,013335892;;;;;;;
0,060568773;46,69590702;;;;;;;
0,808874294;36,6748655;;;;;;;
0,660590028;22,66249879;;;;;;;
12,40970964;9,216647439;;;;;;;
8,829082541;15,98018455;;;;;;;
19,96116926;12,64245879;;;;;;;
37,06429898;30,40698974;;;;;;;
24,73652378;16,09578424;;;;;;;
10,79766369;29,00416552;;;;;;;
38,1779893;26,97250684;;;;;;;
12,94111104;31,64668228;;;;;;;
13,64201514;22,14108886;;;;;;;
18,38624113;20,46761377;;;;;;;
12,46689905;2,558717052;;;;;;;
23,21345699;33,95646371;;;;;;;
3,594209289;12,00738202;;;;;;;
43,06268592;28,88446834;;;;;;;
16,26037916;1,580964914;;;;;;;
33,22158608;2,80006887;;;;;;;
24,33262505;9,956831394;;;;;;;
10,3031621;17,42971879;;;;;;;
32,30328689;10,49634382;;;;;;;
13,12287175;17,84466638;;;;;;;
13,03058519;16,73416872;;;;;;;
44,05170939;4,377259811;;;;;;;
32,32665258;3,047658292;;;;;;;
12,37256145;21,20566694;;;;;;;
30,19957565;48,35443519;;;;;;;
17,89416203;0;;;;;;;
26,43881696;33,37420588;;;;;;;
11,98985168;34,20904517;;;;;;;
60,72313634;13,31023425;;;;;;;
12,02732016;16,81567263;;;;;;;
24,40268079;8,844094398;;;;;;;
5,480043928;44,54516066;;;;;;;
11,78040357;27,72919884;;;;;;;
6,610924479;12,35737659;;;;;;;
18,08008191;21,79539146;;;;;;;
9,870257388;29,36544926;;;;;;;
10,7005241;19,39532068;;;;;;;
7,738809916;6,38744829;;;;;;;
3,447961567;18,96147978;;;;;;;
11,89471422;2,592096856;;;;;;;
1,225089275;27,37136809;;;;;;;
4,389157784;27,70458649;;;;;;;
0,733032691;22,58831176;;;;;;;
2,883603743;7,201928161;;;;;;;
23,9106318;0;;;;;;;
5,43754933;22,54951775;;;;;;;
33,83480088;0;;;;;;;
31,46515158;24,04798609;;;;;;;
7,989403781;12,23849181;;;;;;;
41,83236047;13,32542518;;;;;;;
1,102541964;9,332695164;;;;;;;
37,2677442;9,735913463;;;;;;;
11,84098718;2,843238554;;;;;;;
47,02573816;38,79494551;;;;;;;
31,30658521;29,47153053;;;;;;;
16,25775095;9,524288118;;;;;;;
1,761547017;18,7284959;;;;;;;
25,00236457;8,231765811;;;;;;;
15,07495178;39,89499166;;;;;;;
3,656505449;25,36140328;;;;;;;
6,980140964;14,24386722;;;;;;;
8,539153157;23,5809906;;;;;;;
28,552657;20,08564297;;;;;;;
10,91434167;28,54767579;;;;;;;
0,154920345;30,52444089;;;;;;;
5,32811458;5,134177322;;;;;;;
13,77770343;18,75500323;;;;;;;
32,20519478;21,28000085;;;;;;;
25,76204824;0;;;;;;;
10,92599735;11,06312128;;;;;;;
8,260438211;23,05643375;;;;;;;
14,60871895;20,27610811;;;;;;;
3,993240963;28,68033339;;;;;;;
27,42992804;12,02278056;;;;;;;
37,56048501;21,92725659;;;;;;;
34,34887381;9,259482168;;;;;;;
17,7113217;3,328477409;;;;;;;
31,37426702;25,74538926;;;;;;;
19,12423907;17,16359088;;;;;;;
1,56977583;17,1141573;;;;;;;
6,199810842;36,89915874;;;;;;;
13,33134573;22,31174157;;;;;;;
44,87620975;7,86858001;;;;;;;
2,33725228;4,823528893;;;;;;;
2,996380779;26,1224418;;;;;;;
14,06607383;22,44447326;;;;;;;
17,7459895;9,209192089;;;;;;;
6,099220461;39,23523274;;;;;;;
14,13797236;24,07958048;;;;;;;
8,024021666;48,97820862;;;;;;;
15,7336607;17,17060054;;;;;;;
3,685147994;15,38442086;;;;;;;
7,407129397;32,65866516;;;;;;;
17,75295042;8,370591219;;;;;;;
17,34091502;0;;;;;;;
47,46980626;38,40455512;;;;;;;
6,030443519;0;;;;;;;
0,46223404;35,27601436;;;;;;;
45,40258422;54,16196916;;;;;;;
11,90538181;18,08955139;;;;;;;
26,0946519;4,081365963;;;;;;;
0;10,28451575;;;;;;;
4,705874039;2,758490846;;;;;;;
7,747410696;13,93124359;;;;;;;
13,55358235;2,650890022;;;;;;;
4,757940511;1,728297676;;;;;;;
34,46835303;4,026672923;;;;;;;
45,74525451;9,682532222;;;;;;;
21,30917185;5,125048338;;;;;;;
14,67688848;13,96119217;;;;;;;
2,780622143;47,38561246;;;;;;;
31,10238062;20,60244182;;;;;;;
25,84238613;5,864683211;;;;;;;
20,28262798;5,058769442;;;;;;;
20,85781241;19,30553106;;;;;;;
6,416509672;33,18383721;;;;;;;
41,70280169;19,68626209;;;;;;;
44,75573976;2,830501374;;;;;;;
6,432808214;21,86990259;;;;;;;
4,833184973;13,03313424;;;;;;;
4,88473419;0,735659736;;;;;;;
57,05147243;24,45118354;;;;;;;
15,34308555;2,444704607;;;;;;;
8,609320694;14,52027605;;;;;;;
12,88422079;24,02742494;;;;;;;
31,54881437;38,32883443;;;;;;;
20,56741216;2,118639315;;;;;;;
2,909706413;23,12014805;;;;;;;
2,520680454;27,03615424;;;;;;;
17,41557863;8,836211583;;;;;;;
0,353488334;42,76733741;;;;;;;
33,74715963;1,646242907;;;;;;;
63,21054392;12,22635565;;;;;;;
13,31806382;9,970421411;;;;;;;
17,88041548;4,130340236;;;;;;;
8,941266988;23,53508178;;;;;;;
3,747427757;14,15610714;;;;;;;
8,302493404;7,571345494;;;;;;;
31,87346863;8,682622743;;;;;;;
29,3598111;17,16976832;;;;;;;
7,758006343;31,22974654;;;;;;;
46,50362987;12,8188897;;;;;;;
15,58168195;16,11339838;;;;;;;
15,25202474;16,64948577;;;;;;;
21,53944707;27,45496034;;;;;;;
8,422275455;4,822603624;;;;;;;
8,850476674;11,73349795;;;;;;;
7,109845925;21,48154073;;;;;;;
33,070303;6,569269616;;;;;;;
3,511302126;26,60517442;;;;;;;
12,81770008;10,38937925;;;;;;;
2,904375478;22,90924832;;;;;;;
27,77826656;12,18662172;;;;;;;
5,804913123;24,53406026;;;;;;;
6,973343233;8,007154437;;;;;;;
7,980625895;21,71560241;;;;;;;
8,204653979;12,33949833;;;;;;;
0,366104318;18,02579153;;;;;;;
13,29765961;14,7277001;;;;;;;
1,292224541;7,658772434;;;;;;;
28,21727136;24,45984612;;;;;;;
16,42767332;0;;;;;;;
19,3850819;4,92772846;;;;;;;
27,45313201;4,240538386;;;;;;;
13,27725877;21,79097064;;;;;;;
1,705237764;38,09846431;;;;;;;
21,27901535;5,570810135;;;;;;;
11,04635741;24,5774587;;;;;;;
40,27553708;36,98238308;;;;;;;
1,230083502;2,21539;;;;;;;
9,476164691;10,85793501;;;;;;;
17,62176679;19,40875951;;;;;;;
13,83778992;26,43336684;;;;;;;
12,17498076;11,20237895;;;;;;;
2,144560627;8,458521046;;;;;;;
43,78425513;24,43873938;;;;;;;
0;34,7862626;;;;;;;
11,4868897;9,801927114;;;;;;;
17,18047427;23,13856994;;;;;;;
27,68366572;13,31766529;;;;;;;
1,489722945;21,38460923;;;;;;;
45,93007471;17,74072274;;;;;;;
9,005499226;33,28612716;;;;;;;
9,391717941;0,053187928;;;;;;;
5,362175258;20,56796227;;;;;;;
12,13846088;29,52242225;;;;;;;
33,28192553;0;;;;;;;
23,50002792;29,07983457;;;;;;;
37,64218368;1,48812357;;;;;;;
0;44,43154747;;;;;;;
32,93860006;16,26463033;;;;;;;
30,62003408;11,21551123;;;;;;;
33,78709593;35,17630714;;;;;;;
41,52519027;0;;;;;;;
21,94777842;10,81754987;;;;;;;
17,09947311;26,8008971;;;;;;;
16,85692155;26,48352601;;;;;;;
41,64300292;15,50170976;;;;;;;
8,490835201;2,789354282;;;;;;;
0;30,4765584;;;;;;;
2,186245254;28,57738;;;;;;;
3,284900008;32,20642293;;;;;;;
15,1302091;3,815712404;;;;;;;
16,12902364;54,67181066;;;;;;;
13,05823576;5,68223009;;;;;;;
25,09378752;5,910994547;;;;;;;
1,104208174;40,494726;;;;;;;
25,8093051;21,90435991;;;;;;;
5,356383667;27,0955533;;;;;;;
17,12746557;0;;;;;;;
25,90556828;35,78217551;;;;;;;
17,43101134;25,86356095;;;;;;;
11,01455295;20,43332927;;;;;;;
11,64000394;7,87024266;;;;;;;
81,9615358;7,796246555;;;;;;;
1,794377762;0;;;;;;;
9,265239793;8,035336607;;;;;;;
51,13268993;25,33213527;;;;;;;
18,08619562;21,76667431;;;;;;;
6,009813045;22,1333463;;;;;;;
25,2439497;14,76822497;;;;;;;
8,36938735;29,53898411;;;;;;;
9,880954711;17,93913541;;;;;;;
0,034963407;11,27047409;;;;;;;
1,899438287;21,0504395;;;;;;;
12,57915492;24,94480118;;;;;;;
39,87328552;24,48349052;;;;;;;
28,95562468;36,54451609;;;;;;;
35,04498153;6,478621902;;;;;;;
23,28613084;20,61778382;;;;;;;
17,661013;21,3485824;;;;;;;
8,117874082;19,59389107;;;;;;;
15,55866399;24,06996313;;;;;;;
3,592210129;32,66941212;;;;;;;
20,43238307;1,394311282;;;;;;;
28,39874441;13,0990593;;;;;;;
1,984417458;0;;;;;;;
0,075629246;5,726260142;;;;;;;
14,04858223;29,5184615;;;;;;;
16,31334053;11,52846139;;;;;;;
19,84272616;13,27465539;;;;;;;
15,0067278;12,88464539;;;;;;;
17,80557174;3,176336245;;;;;;;
11,8909107;0;;;;;;;
11,23392625;11,60525881;;;;;;;
7,700568639;3,349251511;;;;;;;
1,386621166;27,37484597;;;;;;;
22,0682332;6,300089228;;;;;;;
2,631609248;7,748965574;;;;;;;
11,51037894;19,5881986;;;;;;;
46,14970443;20,8371558;;;;;;;
0,704813596;25,97435547;;;;;;;
0;60,12486289;;;;;;;
51,64490803;30,82508922;;;;;;;
14,16527712;16,89211609;;;;;;;
10,74704061;4,411321481;;;;;;;
32,58131384;3,589244343;;;;;;;
12,50838045;22,52082954;;;;;;;
19,23987312;22,84744218;;;;;;;
5,521994458;1,621913351;;;;;;;
1,403118368;19,24754947;;;;;;;
27,46162067;14,76223128;;;;;;;
3,824029298;4,514603556;;;;;;;
0,159774519;17,53245571;;;;;;;
43,25597083;14,20798818;;;;;;;
37,76395404;3,253567979;;;;;;;
2,262711774;34,36433415;;;;;;;
0,619367454;16,43946802;;;;;;;
3,178570884;11,95629987;;;;;;;
1,8856252;36,78535126;;;;;;;
4,572070518;33,3951234;;;;;;;
11,05352654;9,617122251;;;;;;;
25,33685669;25,37089664;;;;;;;
9,724445245;25,48334183;;;;;;;
8,059746956;18,275551;;;;;;;
7,046404782;12,70276535;;;;;;;
28,96274;26,90325913;;;;;;;
5,711371166;5,576984326;;;;;;;
3,433866563;6,426158707;;;;;;;
6,904401599;20,38411692;;;;;;;
1,632767992;19,19512597;;;;;;;
60,95477254;17,49522276;;;;;;;
60,73341877;29,1520785;;;;;;;
30,29972061;14,07676973;;;;;;;
2,763248411;0;;;;;;;
4,739673036;39,18220435;;;;;;;
7,801009938;23,83019844;;;;;;;
35,78085359;22,34303388;;;;;;;
0,516810401;9,20259574;;;;;;;
0,776917267;18,33204284;;;;;;;
26,03579696;17,85969416;;;;;;;
17,83788407;17,84949513;;;;;;;
0;1,443045026;;;;;;;
24,56517338;47,88932192;;;;;;;
3,367697394;1,657485114;;;;;;;
6,533364881;34,54173833;;;;;;;
3,907300234;20,29602751;;;;;;;
66,14764952;5,355933584;;;;;;;
49,26350334;9,065993913;;;;;;;
5,195721315;46,65250189;;;;;;;
19,99791982;21,143779;;;;;;;
6,988438406;17,52154093;;;;;;;
1,181865262;9,525866397;;;;;;;
11,5806425;34,44542438;;;;;;;
34,32880686;9,271447446;;;;;;;
13,38377557;22,67194595;;;;;;;
33,520406;38,26945688;;;;;;;
14,80098666;14,88759791;;;;;;;
7,445685112;15,92344328;;;;;;;
1,439142609;2,161932578;;;;;;;
59,88830347;17,58928936;;;;;;;
5,377259126;14,68399528;;;;;;;
8,273839614;54,47486545;;;;;;;
7,442807525;2,682011405;;;;;;;
35,50744544;13,62791648;;;;;;;
87,77083959;4,442815824;;;;;;;
0;35,36245442;;;;;;;
25,67946066;2,414370232;;;;;;;
36,93880614;25,69821344;;;;;;;
15,2951451;0,183466729;;;;;;;
32,72095516;39,30275276;;;;;;;
6,272618382;10,35293329;;;;;;;
0,737211819;27,24654467;;;;;;;
0;8,406768324;;;;;;;
26,76577913;22,82476081;;;;;;;
2,876937706;50,12401009;;;;;;;
4,522627889;21,38059246;;;;;;;
1,534132907;6,259009968;;;;;;;
29,43878761;23,56558857;;;;;;;
26,57955817;15,3400716;;;;;;;
0,251461005;37,50500935;;;;;;;
27,80713545;4,618100586;;;;;;;
16,41272497;30,56400477;;;;;;;
4,38852353;0;;;;;;;
8,618376175;36,14345753;;;;;;;
8,946099599;12,45559825;;;;;;;
9,786395023;27,94634956;;;;;;;
5,046754195;12,08912338;;;;;;;
0,966167395;32,40136216;;;;;;;
28,26170087;30,14669623;;;;;;;
4,687825736;9,907709533;;;;;;;
0;2,778107804;;;;;;;
44,24221097;23,28487604;;;;;;;
65,6981018;7,843811656;;;;;;;
19,61150276;20,61490419;;;;;;;
7,546838856;11,19496159;;;;;;;
18,00670085;23,20772884;;;;;;;
9,477693501;9,611022798;;;;;;;
26,85527286;8,656644137;;;;;;;
8,827074338;0,859270838;;;;;;;
9,27987157;33,97987153;;;;;;;
6,480991566;1,846546981;;;;;;;
31,7554576;33,61398581;;;;;;;
16,43940121;13,72195906;;;;;;;
2,956588563;5,80754446;;;;;;;
2,124509062;12,0538105;;;;;;;
50,4103476;16,02603808;;;;;;;
5,758784291;21,15711207;;;;;;;
3,39920912;29,99635634;;;;;;;
6,895477823;9,083420076;;;;;;;
2,670241665;11,08565097;;;;;;;
28,82598018;0;;;;;;;
5,192512101;0;;;;;;;
21,91064896;32,08483115;;;;;;;
11,48996747;0,049404207;;;;;;;
8,630454292;1,756387718;;;;;;;
3,590976073;19,02792022;;;;;;;
6,14822527;20,32888924;;;;;;;
4,314168266;28,04547133;;;;;;;
41,20736464;29,58619038;;;;;;;
0;30,67558099;;;;;;;
33,02706898;33,57213955;;;;;;;
0;1,808521912;;;;;;;
8,099603007;11,67247384;;;;;;;
12,67126249;30,20127068;;;;;;;
7,748453871;8,189772447;;;;;;;
30,25105795;28,46884473;;;;;;;
6,040889802;25,43978897;;;;;;;
5,871634542;3,616406416;;;;;;;
43,88950975;23,16280289;;;;;;;
32,77990421;8,318553261;;;;;;;
0;23,02442538;;;;;;;
7,717151935;37,60272079;;;;;;;
9,982111744;7,010573618;;;;;;;
0,958505925;2,767240045;;;;;;;
32,51973016;1,200212466;;;;;;;
70,84548986;12,12308362;;;;;;;
3,648107489;17,39938059;;;;;;;
15,53433908;45,18103048;;;;;;;
3,261689046;0;;;;;;;
3,235548333;37,2619927;;;;;;;
13,46084654;7,55251018;;;;;;;
3,11123148;0;;;;;;;
16,63383054;0;;;;;;;
0,715858183;30,6314278;;;;;;;
0;16,14873643;;;;;;;
58,51266072;8,416828056;;;;;;;
0;6,305896648;;;;;;;
24,97964539;22,51345221;;;;;;;
39,61224004;25,6247275;;;;;;;
15,34887781;10,2565363;;;;;;;
10,15190586;25,40406833;;;;;;;
5,835514878;9,190447639;;;;;;;
16,41445421;27,3774981;;;;;;;
44,98264266;2,682995459;;;;;;;
2,48192214;23,16752334;;;;;;;
14,4579939;16,54370743;;;;;;;
18,46681523;31,61900698;;;;;;;
24,3291954;5,440412748;;;;;;;
0,046200649;22,25555396;;;;;;;
15,56242887;14,19303807;;;;;;;
0,686968624;8,329105585;;;;;;;
7,163547262;33,01573515;;;;;;;
27,83894667;8,472377444;;;;;;;
8,395169951;7,142353903;;;;;;;
15,91971126;12,91503935;;;;;;;
4,938620462;22,90696182;;;;;;;
12,66234831;35,02644731;;;;;;;
11,03009096;20,88903166;;;;;;;
65,05018624;15,71960365;;;;;;;
4,137757177;17,95486389;;;;;;;
19,69912443;6,079534175;;;;;;;
7,500839155;9,493545072;;;;;;;
9,238468484;5,591946057;;;;;;;
4,069432041;25,51688621;;;;;;;
0,14968994;35,97390697;;;;;;;
59,52129723;14,16293455;;;;;;;
39,75863442;10,2456181;;;;;;;
1,170194507;6,096748648;;;;;;;
13,36527865;22,11455677;;;;;;;
45,49079245;1,046308172;;;;;;;
29,38788406;21,79245006;;;;;;;
16,85687915;12,17824863;;;;;;;
13,56743089;15,47831925;;;;;;;
2,756389373;28,55017797;;;;;;;
2,61176681;12,43557965;;;;;;;
0;18,57321239;;;;;;;
14,25289121;33,12208771;;;;;;;
13,70567031;25,23448082;;;;;;;
0;29,48365328;;;;;;;
2,557511655;6,523610749;;;;;;;
23,09426164;19,52587011;;;;;;;
30,54317917;2,530986894;;;;;;;
17,55320552;37,10045294;;;;;;;
16,99185468;22,75766367;;;;;;;
4,209391117;17,46104211;;;;;;;
26,27396038;41,31521754;;;;;;;
94,68402209;16,0109207;;;;;;;
11,30541704;0,00631845;;;;;;;
16,42985588;13,42396821;;;;;;;
3,614378559;30,58392787;;;;;;;
15,41165656;24,29209891;;;;;;;
6,650081257;22,92899132;;;;;;;
19,49072563;25,15671705;;;;;;;
19,29432169;15,62956849;;;;;;;
23,90664419;0,620299612;;;;;;;
11,11247541;30,50565241;;;;;;;
7,907097328;23,41983066;;;;;;;
20,12243175;1,253831766;;;;;;;
15,34844128;11,65111803;;;;;;;
0,851419154;16,93194788;;;;;;;
11,82886741;43,47550911;;;;;;;
4,524732878;25,57597089;;;;;;;
5,99414626;5,31547528;;;;;;;
8,714444766;45,55631933;;;;;;;
11,0795226;33,9964808;;;;;;;
13,86374017;14,1320823;;;;;;;
12,88061881;3,32471265;;;;;;;
27,180527;16,72466549;;;;;;;
16,64367198;16,08987755;;;;;;;
7,268130687;20,726029;;;;;;;
28,10147541;56,69950494;;;;;;;
14,21045666;35,86807178;;;;;;;
8,276403219;38,19575719;;;;;;;
0,423236602;0,607638317;;;;;;;
0;9,794544456;;;;;;;
13,33958185;29,06873716;;;;;;;
53,71084743;0,771512432;;;;;;;
0,970820136;14,87032;;;;;;;
14,83038685;4,073288094;;;;;;;
2,702445514;25,83838418;;;;;;;
3,917629933;4,157439893;;;;;;;
8,044646186;16,50282035;;;;;;;
16,41480569;13,6537321;;;;;;;
25,35530605;19,85328748;;;;;;;
31,24657676;31,94106652;;;;;;;
6,043349554;13,25455377;;;;;;;
24,0987891;16,28978902;;;;;;;
36,03361611;44,82709085;;;;;;;
34,04612286;21,54050585;;;;;;;
75,18450338;20,71424415;;;;;;;
58,87143691;25,30767996;;;;;;;
3,70139191;12,03288222;;;;;;;
49,84025238;12,57198277;;;;;;;
8,785952489;24,45050214;;;;;;;
8,234412185;3,801471261;;;;;;;
46,72710581;3,858967922;;;;;;;
3,289691291;15,42676155;;;;;;;
35,4898992;5,826977495;;;;;;;
0,769584354;50,9671336;;;;;;;
3,182869751;43,73826472;;;;;;;
5,42213205;17,1153836;;;;;;;
25,08730956;0;;;;;;;
3,895430806;15,57606789;;;;;;;
35,69642361;21,90967638;;;;;;;
0,032097751;37,66815137;;;;;;;
19,09760404;6,395185896;;;;;;;
4,672875578;0;;;;;;;
2,47576732;20,7195206;;;;;;;
15,07706894;15,98799301;;;;;;;
22,73300894;0;;;;;;;
21,87318946;5,375099062;;;;;;;
39,50221595;29,58911346;;;;;;;
5,065639376;14,89581021;;;;;;;
35,08583734;2,791037933;;;;;;;
19,15281066;10,1513532;;;;;;;
13,13684272;27,50690684;;;;;;;
9,879275397;13,65690382;;;;;;;
9,105114189;7,174219183;;;;;;;
9,806784474;25,49461384;;;;;;;
7,951211925;5,720747057;;;;;;;
0,135868459;2,464103462;;;;;;;
58,72001569;16,92766324;;;;;;;
6,52782673;35,48362699;;;;;;;
4,710696685;17,83968452;;;;;;;
7,516235401;10,79972179;;;;;;;
26,72465399;2,903676475;;;;;;;
12,73901033;35,29564838;;;;;;;
23,19489313;7,056898443;;;;;;;
36,13602646;9,637208986;;;;;;;
3,713769314;8,451353202;;;;;;;
20,37389859;22,77532824;;;;;;;
9,768264783;24,54176489;;;;;;;
16,10288202;16,27524873;;;;;;;
11,12381071;34,493245;;;;;;;
25,61266552;28,03467959;;;;;;;
53,95965963;47,30749384;;;;;;;
13,73925183;59,24628014;;;;;;;
12,06561397;15,22234723;;;;;;;
1,854176497;18,03919516;;;;;;;
5,848205674;35,70181731;;;;;;;
0;11,45972783;;;;;;;
2,184367873;0;;;;;;;
11,59925288;13,21081349;;;;;;;
33,93227764;25,43221732;;;;;;;
3,788844922;14,17843891;;;;;;;
25,00923413;10,48232785;;;;;;;
18,76914906;16,02690907;;;;;;;
22,97870487;1,077951194;;;;;;;
0;18,69645887;;;;;;;
4,443550127;21,72038681;;;;;;;
4,107444814;14,24127845;;;;;;;
0;9,569913563;;;;;;;
0,543845779;33,55055061;;;;;;;
20,53926834;3,088122156;;;;;;;
27,33430598;9,80483933;;;;;;;
2,822176063;4,273229734;;;;;;;
0,292886445;11,1068539;;;;;;;
23,63246625;11,20842431;;;;;;;
27,13594873;6,638058528;;;;;;;
6,630778042;13,47615787;;;;;;;
5,522598738;48,68026431;;;;;;;
28,99856534;12,45890829;;;;;;;
16,94499887;0;;;;;;;
7,934137321;24,3972537;;;;;;;
16,06874643;11,60792581;;;;;;;
12,86628562;14,00839348;;;;;;;
0;26,70890799;;;;;;;
41,18580409;26,14216441;;;;;;;
0;0,913280601;;;;;;;
14,67834092;33,23785286;;;;;;;
4,347345085;0;;;;;;;
12,81535753;5,356415615;;;;;;;
61,65612932;14,6334247;;;;;;;
1,539205313;48,65819549;;;;;;;
57,78044073;9,082791472;;;;;;;
11,3188637;30,91750984;;;;;;;
21,60722326;24,02022302;;;;;;;
6,943270519;10,33574814;;;;;;;
34,59695928;5,675262562;;;;;;;
40,02212015;7,450970237;;;;;;;
17,41925227;12,54831706;;;;;;;
15,36270744;19,89924771;;;;;;;
15,3792504;0;;;;;;;
47,36596245;2,273511628;;;;;;;
11,20298809;16,87392687;;;;;;;
32,56921932;10,59647267;;;;;;;
23,79625345;21,85947232;;;;;;;
6,269488918;37,16679918;;;;;;;
10,35712466;6,013507969;;;;;;;
50,70132912;24,16539804;;;;;;;
21,64611676;3,822559148;;;;;;;
21,09630393;20,12514445;;;;;;;
29,8030435;2,742587669;;;;;;;
36,2051779;15,91623243;;;;;;;
38,24970578;19,41760161;;;;;;;
31,3481487;14,62309872;;;;;;;
14,23053388;34,56740298;;;;;;;
15,97638056;4,493415177;;;;;;;
10,57920843;19,76348693;;;;;;;
10,64189745;1,858780789;;;;;;;
39,70525717;18,95537026;;;;;;;
39,95530775;17,4490535;;;;;;;
44,06659727;5,240475395;;;;;;;
8,150261643;6,439035144;;;;;;;
5,962070429;7,21853757;;;;;;;
76,13032963;4,793397763;;;;;;;
27,51692015;23,30426138;;;;;;;
12,24239405;18,77588192;;;;;;;
3,884352621;6,88399054;;;;;;;
39,34046128;24,7577151;;;;;;;
79,24630395;27,19798811;;;;;;;
26,27826107;7,733920328;;;;;;;
22,79736819;13,8696116;;;;;;;
0;18,18851201;;;;;;;
5,414024045;14,75624911;;;;;;;
11,30405481;9,076729151;;;;;;;
25,13464868;7,043406413;;;;;;;
10,4177539;2,639487188;;;;;;;
5,349871696;15,21704071;;;;;;;
3,647318152;14,98351283;;;;;;;
46,24079314;34,71833393;;;;;;;
17,64205245;19,31451261;;;;;;;
0;29,73693866;;;;;;;
0,911099766;40,14590807;;;;;;;
7,320158933;1,258246345;;;;;;;
8,75598166;10,04014208;;;;;;;
26,98735302;35,3807177;;;;;;;
3,805950601;5,546032973;;;;;;;
0;2,217520113;;;;;;;
12,73162625;23,45972969;;;;;;;
10,77598414;25,21452219;;;;;;;
5,412740224;12,26412554;;;;;;;
20,30892972;21,26130875;;;;;;;
4,589878599;32,39462555;;;;;;;
1,558813857;28,62784566;;;;;;;
5,367657875;6,795003008;;;;;;;
62,74790696;43,59236488;;;;;;;
65,41724562;9,375232387;;;;;;;
0,656718455;8,067643954;;;;;;;
3,262769128;6,504123338;;;;;;;
0,10397493;24,55113272;;;;;;;
41,15569807;3,312524831;;;;;;;
2,232296346;36,46559266;;;;;;;
52,57221514;0,085042349;;;;;;;
0;3,993431404;;;;;;;
28,13406157;12,5273751;;;;;;;
10,83248069;20,88983397;;;;;;;
13,89777553;22,60236032;;;;;;;
4,349536558;0;;;;;;;
20,73857215;17,10718449;;;;;;;
29,35374421;9,093509557;;;;;;;
31,53656253;13,49358062;;;;;;;
0,753000035;4,209113358;;;;;;;
36,25460422;1,722859814;;;;;;;
12,00106219;38,27738613;;;;;;;
13,55008271;0,133890054;;;;;;;
19,6189433;3,02853693;;;;;;;
39,85763713;8,412990266;;;;;;;
33,31552012;11,79959422;;;;;;;
0;14,14625279;;;;;;;
46,02333111;24,88353403;;;;;;;
12,13769844;10,39701695;;;;;;;
45,52134376;0;;;;;;;
3,065933539;14,03284371;;;;;;;
21,36619231;30,69298057;;;;;;;
0;34,25280609;;;;;;;
0;27,21690493;;;;;;;
49,42282137;8,6848662;;;;;;;
28,94109528;19,66054558;;;;;;;
7,677537856;23,11522655;;;;;;;
21,61096438;22,22115743;;;;;;;
47,50268152;12,03780072;;;;;;;
15,0943123;18,62566759;;;;;;;
12,88303923;7,961566134;;;;;;;
2,273578931;33,90513224;;;;;;;
17,6228407;11,56154583;;;;;;;
3,564586006;24,6377277;;;;;;;
7,553207589;18,1368824;;;;;;;
18,61800396;6,018459503;;;;;;;
7,918521592;33,40186326;;;;;;;
1,120263344;13,83542293;;;;;;;
62,89519719;5,568870941;;;;;;;
32,0729031;21,40754591;;;;;;;
19,63308743;15,00867987;;;;;;;
29,21779894;3,947532942;;;;;;;
28,26921242;7,999099764;;;;;;;
6,698319251;50,07290666;;;;;;;
1,950521392;0;;;;;;;
42,60415707;0;;;;;;;
23,94217212;32,41109117;;;;;;;
16,8059956;28,21771761;;;;;;;
16,04967488;15,85106609;;;;;;;
11,36581358;27,67088117;;;;;;;
8,398722902;27,38340589;;;;;;;
16,55156209;13,77500079;;;;;;;
4,267444701;30,90253368;;;;;;;
15,33852004;37,79902813;;;;;;;
52,79478655;23,85417949;;;;;;;
22,43024076;1,658505718;;;;;;;
28,2058315;0;;;;;;;
1,278492304;16,43162859;;;;;;;
3,756231096;22,40114347;;;;;;;
10,93343635;8,000872755;;;;;;;
2,214468783;22,76381233;;;;;;;
4,679997664;24,04870422;;;;;;;
4,587001984;19,82437786;;;;;;;
7,573403903;18,1480517;;;;;;;
8,475403934;2,944201497;;;;;;;
3,017704203;3,236281686;;;;;;;
41,72079631;27,63415883;;;;;;;
32,68526462;8,669845501;;;;;;;
36,78837613;4,228829648;;;;;;;
11,27261143;23,54953758;;;;;;;
5,436300191;11,24912878;;;;;;;
10,13139831;7,701216845;;;;;;;
1,565068789;22,17201959;;;;;;;
15,12443218;25,05449086;;;;;;;
14,00805483;20,97489917;;;;;;;
1,649973945;12,97672023;;;;;;;
0,442441072;1,843156786;;;;;;;
9,970965025;6,344735023;;;;;;;
3,185105742;19,44609346;;;;;;;
2,675387858;17,54014041;;;;;;;
3,564029099;19,39823636;;;;;;;
27,63739375;13,50679575;;;;;;;
2,110308884;5,493662355;;;;;;;
58,57122692;21,44064025;;;;;;;
7,462248983;39,50218348;;;;;;;
30,25083662;31,09902717;;;;;;;
37,62918733;15,01981047;;;;;;;
14,45430448;45,65705919;;;;;;;
23,78544571;2,579638664;;;;;;;
19,74485805;28,07279324;;;;;;;
8,659751569;13,54807916;;;;;;;
49,91424598;0;;;;;;;
11,52830917;27,63908416;;;;;;;
6,152190133;14,31748193;;;;;;;
21,07036717;10,49022468;;;;;;;
14,6360868;15,93572947;;;;;;;
5,162507203;11,91727787;;;;;;;
39,84290809;0;;;;;;;
0;10,24108383;;;;;;;
46,79052746;14,25636889;;;;;;;
0;1,053803278;;;;;;;
3,289876199;2,550124826;;;;;;;
9,639630178;30,92320596;;;;;;;
10,11856211;0;;;;;;;
19,21042614;45,11869757;;;;;;;
1,423841008;24,05513276;;;;;;;
24,94610602;11,24947651;;;;;;;
30,87612493;10,43296493;;;;;;;
5,497148898;0;;;;;;;
4,682854714;17,23093011;;;;;;;
8,909435964;21,68437238;;;;;;;
26,74357503;22,6375918;;;;;;;
8,70778204;17,66621629;;;;;;;
15,18001014;20,76863653;;;;;;;
18,34097813;29,26770681;;;;;;;
11,58574426;4,773966658;;;;;;;
3,291245001;7,106531581;;;;;;;
18,93393699;0;;;;;;;
21,59686145;19,77301;;;;;;;
0,092657671;36,64319576;;;;;;;
9,953783712;7,321871045;;;;;;;
19,59686983;30,48343831;;;;;;;
55,69880278;27,28312696;;;;;;;
1,023876071;7,549404689;;;;;;;
3,834735873;30,7255029;;;;;;;
1,057473075;13,61798725;;;;;;;
0;28,47103695;;;;;;;
10,51913957;23,83464974;;;;;;;
9,802595822;1,310897284;;;;;;;
17,27278245;4,399112509;;;;;;;
0;5,551751842;;;;;;;
20,98421999;3,840675752;;;;;;;
23,19745683;0;;;;;;;
14,98898535;11,68348429;;;;;;;
22,79590678;23,53578872;;;;;;;
9,06660294;26,36572767;;;;;;;
19,78994591;0,044266485;;;;;;;
14,55745079;4,334591491;;;;;;;
25,55077331;13,91749274;;;;;;;
3,814546569;7,668708124;;;;;;;
11,66630888;19,73972095;;;;;;;
42,98473575;43,04378604;;;;;;;
4,630953168;16,49835662;;;;;;;
12,72187551;11,03771457;;;;;;;
1,575897203;39,72933257;;;;;;;
17,72548137;6,100508501;;;;;;;
3,032069457;0,284546216;;;;;;;
11,54090305;20,46705453;;;;;;;
1,688828085;50,49885618;;;;;;;
12,04206556;14,78367376;;;;;;;
13,1221655;17,13466276;;;;;;;
32,72232776;3,011504689;;;;;;;
2,620548271;24,7858871;;;;;;;
7,981196414;0,574183811;;;;;;;
0,949649218;8,581185201;;;;;;;
21,32138973;20,69964163;;;;;;;
2,526700335;18,45460526;;;;;;;
10,36561926;27,52195793;;;;;;;
24,58709277;16,93993756;;;;;;;
6,264439294;11,60533472;;;;;;;
7,460481065;0,915156559;;;;;;;
1,822990346;21,02118836;;;;;;;
34,82856748;6,387714301;;;;;;;
92,55828563;29,9679596;;;;;;;
80,19521765;28,21541398;;;;;;;
11,45007125;15,14550495;;;;;;;
15,55566455;33,80355677;;;;;;;
9,126167061;30,16431939;;;;;;;
18,09942115;9,832349927;;;;;;;
5,052190381;1,903081657;;;;;;;
22,64664581;2,140985115;;;;;;;
16,54030711;5,90742807;;;;;;;
0;21,59145847;;;;;;;
5,63649554;3,839608642;;;;;;;